{
  "dataset_statistics": {
    "class_distribution": {
      "positive_count": 411,
      "negative_count": 1377,
      "positive_ratio": 0.22986577181208054,
      "imbalance_ratio": 3.3503649635036497
    },
    "length_analysis": {
      "positive_mean_length": 653.3892944038929,
      "positive_std_length": 237.64908395494157,
      "negative_mean_length": 613.5816993464052,
      "negative_std_length": 178.59858821209733,
      "length_difference": 39.807595057487674
    },
    "length_significance": {
      "t_statistic": 3.6552974271718797,
      "p_value": 0.00026431200779210436,
      "significant": true
    }
  },
  "holdout_validation": {},
  "statistical_notes": {
    "confidence_level": 0.95,
    "significance_level": 0.05,
    "cross_validation_folds": 5
  }
}